lat,lng,nearest_city_cityname,nearest_city_countrycode,Temp,Humidity,Cloudiness,WindSpeed,DT
-10,-44,bom jesus,br,83.33,63,92,5.17,1511048734
42,-120,susanville,us,44.6,48,1,3.36,1511048100
-14,-74,tambo,pe,43.46,70,12,2.37,1511048736
50,58,khromtau,kz,27.17,89,88,8.75,1511048736
62,158,evensk,ru,15.51,100,0,4.38,1511048737
4,38,mega,et,52.46,62,0,6.29,1511048738
24,-104,vicente guerrero,mx,63.53,18,0,7.4,1511048738
34,136,kumano,jp,,,,,
46,-80,sturgeon falls,ca,,,,,
46,-88,marquette,us,34.07,86,90,18.34,1511045760
12,82,mamallapuram,in,80.6,94,20,3.71,1511047800
16,64,porbandar,in,69.38,78,0,15.9,1511048740
56,76,ust-tarka,ru,21.59,90,68,9.98,1511048740
-12,-76,chicla,pe,,,,,
12,18,bitkine,td,68.79,40,0,6.51,1511048741
36,2,medea,dz,48.2,93,20,2.24,1511046000
58,94,kazachinskoye,ru,23.39,86,68,6.96,1511048742
-8,116,mataram,id,77,94,40,2.15,1511047800
64,24,ylivieska,fi,19.29,76,56,2.48,1511048743
36,122,wencheng,cn,37.47,54,92,3.38,1511048743
10,42,dire dawa,et,41.75,81,0,2.15,1511048744
64,70,nadym,ru,8.72,80,80,5.06,1511048745
-8,148,popondetta,pg,76.31,88,36,0.92,1511048745
22,112,tangping,cn,61.28,80,88,9.42,1511048746
8,44,hargeysa,so,54.98,98,64,5.17,1511048746
-32,26,cradock,za,38.01,85,0,3.15,1511048747
-18,146,innisfail,au,78.24,69,44,3.04,1511048747
16,-64,middle island,kn,,,,,
56,78,severnoye,ru,27.35,93,88,8.41,1511048748
10,132,meyungs,pw,,,,,
8,128,kinablangan,ph,78.29,100,76,5.61,1511048749
42,62,gazojak,tm,27.44,100,0,12.21,1511048750
14,36,doka,sd,71.9,41,0,7.07,1511048750
-36,-72,parral,cl,64.43,51,0,13,1511048751
64,78,tarko-sale,ru,1.25,82,76,6.4,1511048751
10,-8,odienne,ci,68,94,12,2.71,1511046000
-58,-112,castro,cl,48.95,92,12,8.75,1511048752
56,100,chunskiy,ru,15.65,82,44,4.27,1511048752
56,32,zapadnaya dvina,ru,29.87,91,64,7.74,1511048753
14,-22,vila do maio,cv,77,73,40,11.41,1511046000
46,34,voyinka,ua,38.42,91,36,2.93,1511048754
2,14,sembe,cg,68.93,100,92,1.7,1511048755
-18,36,quelimane,mz,77,88,75,5.82,1511046000
-4,34,igurubi,tz,71.76,54,0,10.42,1511048757
16,-26,mindelo,cv,75.27,100,0,10.65,1511048758
60,174,anadyr,ru,24.8,92,90,40.26,1511046000
64,44,karpogory,ru,31.71,83,20,6.96,1511048758
34,-114,lake havasu city,us,69.1,12,1,13.87,1511048100
6,18,bouca,cf,70.32,94,24,6.96,1511048759
44,-110,jackson,us,77.61,88,40,26.4,1511046900
-16,-64,ascension,bo,72.35,99,92,3.04,1511048760
54,22,gizycko,pl,35.45,100,88,17.36,1511048761
40,72,stantsiya gorchakovo,uz,,,,,
54,-104,nipawin,ca,6.8,77,1,12.75,1511046000
32,118,chaohu,cn,37.4,86,80,2.24,1511046000
32,70,tank,pk,40.22,76,0,3.15,1511048763
48,-64,grande-riviere,ca,,,,,
-24,20,aranos,na,58.58,17,0,10.09,1511048605
64,-120,hay river,ca,1.4,84,75,10.29,1511046000
44,-90,wisconsin rapids,us,35.08,69,90,13.87,1511046900
58,156,tigil,ru,25.46,80,80,11.21,1511048764
46,-74,sainte-adele,ca,30.36,68,90,6.93,1511046000
-2,102,sungaipenuh,id,66.5,97,76,1.25,1511048765
-10,-70,manoel urbano,br,79.91,85,0,2.37,1511048766
36,38,manbij,sy,59,41,75,11.41,1511047200
-24,60,mahebourg,mu,75.2,88,40,4.7,1511046000
54,50,novaya malykla,ru,34.32,97,88,9.42,1511048768
46,88,altay,cn,-9.96,57,8,2.59,1511048768
50,-98,carman,ca,15.8,61,1,16.11,1511046900
40,122,xiongyue,cn,13.49,53,0,5.06,1511048769
50,72,shakhtinsk,kz,,,,,
-22,24,tsienyane,bw,,,,,
18,70,diu,in,65.46,57,0,9.75,1511048770
-18,-70,tacna,pe,62.6,72,0,8.05,1511046000
46,78,ushtobe,kz,,,,,
0,110,pontianak,id,75.2,94,20,4.7,1511046000
26,94,bokajan,in,63.12,88,12,0.58,1511048771
-16,-46,arinos,br,70.1,92,68,3.04,1511048771
24,6,gat,ly,,,,,
26,-76,dunmore town,bs,79.01,100,8,11.43,1511048772
50,8,geisenheim,de,38.48,86,75,10.29,1511047200
54,-30,grindavik,is,31.05,100,90,4.7,1511046000
-4,-62,codajas,br,81.39,82,0,4.72,1511048774
56,52,grakhovo,ru,32,94,90,15.66,1511046000
64,-20,hvolsvollur,is,,,,,
-12,22,lumeje,ao,63.98,93,88,2.82,1511048775
30,110,enshi,cn,38.51,93,88,2.93,1511048775
48,70,atasu,kz,24.51,88,76,10.76,1511048776
46,108,darhan,mn,-0.83,51,48,2.71,1511048776
34,82,joshimath,in,13.44,93,36,0.92,1511048777
-18,-44,diamantina,br,68.48,81,36,3.15,1511048778
70,82,karaul,ru,,,,,
28,78,aligarh,in,60.69,91,44,9.75,1511048778
60,70,gornopravdinsk,ru,20.24,87,80,6.06,1511048779
46,76,balkhash,kz,,,,,
-16,34,tete,mz,70.37,91,92,10.54,1511048780
68,-44,tasiilaq,gl,19.4,52,0,3.36,1511045400
14,122,alabat,ph,77.16,100,64,4.72,1511048781
4,-72,puerto gaitan,co,88.59,52,64,10.76,1511048781
-20,-44,ibirite,br,68,88,75,9.17,1511046000
38,-52,bay roberts,ca,41,93,90,9.17,1511046000
38,46,azar shahr,ir,,,,,
-14,-66,santa rosa,bo,83.24,67,68,4.38,1511048784
10,-4,gaoua,bf,80.36,48,76,1.59,1511048791
52,70,makinsk,kz,23.79,91,76,11.21,1511048792
58,90,novobirilyussy,ru,25.64,89,76,8.75,1511048792
48,84,kurchum,kz,32.16,82,36,15.79,1511048793
-90,-168,mataura,pf,,,,,
56,158,esso,ru,19.92,82,88,9.64,1511048794
-28,-44,ilhabela,br,75.5,93,56,12.66,1511048795
-34,-156,avera,pf,,,,,
38,18,crotone,it,59.97,100,12,13.44,1511048795
54,74,russkaya polyana,ru,22.76,90,68,9.42,1511048796
36,-102,dumas,us,50.94,24,1,9.17,1511046900
48,-4,quimper,fr,46.4,93,20,4.7,1511047800
60,102,vanavara,ru,-11.54,73,68,2.93,1511048797
34,56,tabas,ir,31.85,70,0,3.6,1511048798
48,-84,chapleau,ca,26.6,100,90,11.41,1511046300
18,-96,loma bonita,mx,76.89,79,0,3.15,1511048799
44,34,katsiveli,ua,,,,,
-34,-54,rocha,uy,50.48,58,0,6.51,1511048800
36,42,sinjar,iq,44.9,54,32,5.61,1511048800
34,-108,socorro,us,65.61,18,40,13.87,1511045880
10,10,bauchi,ng,65.78,62,8,2.82,1511048801
10,80,valvedditturai,lk,80.54,100,64,5.06,1511048802
30,36,wadi musa,jo,,,,,
-30,-56,alegrete,br,56.46,52,0,9.98,1511048718
-18,-60,san pedro,bo,54.53,88,8,11.54,1511048803
-4,170,utiroa,ki,,,,,
18,130,payo,ph,,,,,
-2,120,poso,id,80.9,100,24,1.14,1511048804
38,-104,pueblo,us,42.01,38,1,5.82,1511047800
56,42,nikologory,ru,32.61,96,92,10.76,1511048805
-4,108,manggar,id,80.45,98,32,4.16,1511048805
-38,-70,neuquen,ar,69.8,40,0,17.22,1511046000
52,90,abaza,ru,-5.78,53,8,2.37,1511048806
-2,-42,tutoia,br,80.04,76,20,15.35,1511048807
50,140,vysokogornyy,ru,-12.03,71,8,3.04,1511048807
48,-12,bantry,ie,51.83,98,88,9.53,1511048807
4,22,kembe,cf,71.09,94,68,2.93,1511048808
-28,22,upington,za,66.2,11,0,2.24,1511046000
8,122,siocon,ph,82.29,79,8,3.6,1511048809
-20,4,namibe,ao,69.47,100,0,0.69,1511048810
28,112,loudi,cn,39.36,100,92,8.08,1511048810
48,-122,west lake stevens,us,51.8,57,1,8.05,1511046900
28,-4,adrar,dz,55.4,35,0,9.17,1511046000
-28,28,bethlehem,za,39.32,48,0,2.71,1511048812
74,122,tiksi,ru,6.87,86,76,3.6,1511048748
-38,174,kawhia,nz,,,,,
14,-4,bandiagara,ml,69.29,29,56,9.42,1511048813
36,140,mitsukaido,jp,44.6,56,20,2.24,1511046360
50,10,werneck,de,38.37,74,75,21.92,1511047200
46,-118,walla walla,us,48.51,57,1,3.36,1511047920
-38,-62,bahia blanca,ar,67.26,47,12,11.54,1511048748
-20,48,marolambo,mg,62.22,96,76,2.37,1511048815
74,4,sorland,no,41.07,100,80,13.67,1511048816
24,26,asyut,eg,52.41,89,0,2.59,1511048816
16,66,veraval,in,71.22,80,0,17.58,1511048817
0,64,thinadhoo,mv,83.06,100,88,9.19,1511048817
20,-82,west bay,ky,80.6,83,20,10.29,1511046000
60,136,eldikan,ru,,,,,
20,80,mul,in,68.97,91,0,2.82,1511048818
64,-18,akureyri,is,15.8,92,20,2.24,1511046000
46,54,karaton,kz,,,,,
-12,-66,rodrigues alves,br,,,,,
16,50,salalah,om,77,69,0,6.93,1511045400
66,-20,skagastrond,is,,,,,
-10,124,soe,id,75.95,93,76,2.59,1511048820
48,14,vorchdorf,at,39.2,69,75,10.29,1511047200
10,126,san benito,ph,78.8,88,75,4.7,1511046000
64,-146,fairbanks,us,-13.56,75,40,3.71,1511047200
-2,114,kualakapuas,id,77,100,40,6.93,1511046000
38,12,marsala,it,60.87,77,20,9.17,1511047200
36,70,andarab,af,,,,,
-24,-50,terra roxa,br,67.89,95,80,2.37,1511048823
42,-80,erie,us,49.44,81,90,17.22,1511046660
16,-82,iralaya,hn,80.6,74,40,6.93,1511046000
2,-68,inirida,co,80.49,82,20,2.48,1511048824
-18,166,vila,vu,,,,,
28,34,hurghada,eg,,,,,
46,-106,miles city,us,39.2,55,75,5.82,1511045580
44,48,makhachkala,ru,51.8,87,75,6.71,1511046000
48,-124,sooke,ca,48.65,66,75,4.16,1511046000
-6,18,kikwit,cd,67.26,92,32,2.82,1511048826
62,150,yagodnoye,ru,-31.88,49,0,3.38,1511048826
44,14,ancona,it,46.4,81,20,3.36,1511045400
-36,-68,san rafael,ar,69.83,17,0,4.72,1511048572
40,-74,point pleasant,us,50.18,71,90,8.05,1511046900
24,-98,soto la marina,mx,86.12,43,24,6.73,1511048828
28,94,ziro,in,52.01,91,36,1.14,1511048828
54,56,tolbazy,ru,33.8,80,90,8.95,1511046000
10,-60,rio claro,tt,80.6,83,20,4.7,1511046000
10,12,numan,ng,72.44,69,0,2.59,1511048829
0,80,matara,lk,75.09,100,12,3.6,1511048686
-6,-44,colinas,br,77.34,78,20,1.36,1511048830
24,108,jinchengjiang,cn,,,,,
46,36,novyy svit,ua,33.69,93,80,5.17,1511048831
50,-2,octeville,fr,53.6,87,90,14.99,1511047800
50,90,mugur-aksy,ru,-20.04,44,12,2.04,1511048699
58,60,nizhniy tagil,ru,29.64,84,80,9.42,1511048831
18,78,medak,in,75.09,72,80,7.18,1511048832
0,42,afmadu,so,,,,,
44,-2,hendaye,fr,38.68,93,0,1.12,1511047800
-6,112,lasem,id,79.01,100,48,5.61,1511048833
-28,150,moree,au,71.63,85,12,8.97,1511048833
-40,-62,punta alta,ar,66.27,59,12,13.22,1511048834
54,-112,two hills,ca,20.91,82,92,8.41,1511048834
54,26,navahrudak,by,30.59,94,56,9.98,1511048835
16,-84,barra patuca,hn,76.04,100,92,12.55,1511048618
60,12,skotterud,no,31.58,96,92,7.52,1511048835
52,-106,watrous,ca,6.74,67,8,7.4,1511048836
-18,46,fenoarivo,mg,,,,,
54,32,khislavichi,ru,31.94,97,92,6.06,1511048837
10,122,magdalena,ph,80.6,100,40,2.24,1511046000
42,-98,norfolk,us,62.04,72,1,10.29,1511047200
50,-110,maple creek,ca,29.6,69,24,11.77,1511048838
42,24,velingrad,bg,46.4,100,68,4.7,1511047800
18,-130,san quintin,mx,72.21,45,0,4.05,1511048839
26,90,dhuburi,in,61.82,91,0,2.37,1511048839
28,-102,muzquiz,mx,,,,,
56,38,fryazino,ru,34.23,94,90,6.71,1511046000
34,62,herat,af,26.81,71,0,5.17,1511048841
28,46,doha,kw,,,,,
16,74,savantvadi,in,72.12,73,88,2.93,1511048841
36,56,shahrud,ir,23.48,67,0,2.59,1511048842
64,-152,anchorage,us,16.09,92,1,1.36,1511045760
0,26,kisangani,cd,71.27,100,64,2.48,1511048617
20,-104,juchitlan,mx,79.32,49,0,2.26,1511048843
42,134,preobrazheniye,ru,5.07,57,0,5.95,1511048843
56,102,bratsk,ru,21.2,92,90,2.24,1511046000
-42,-72,puerto montt,cl,50.57,100,88,6.85,1511048838
-32,24,graaff-reinet,za,43.46,79,0,2.71,1511048844
12,80,pondicherry,in,,,,,
12,106,kracheh,kh,,,,,
52,102,kyren,ru,-15.41,38,0,1.92,1511048845
26,88,kishanganj,in,65.01,96,0,4.94,1511048846
48,-112,great falls,us,39.2,44,1,21.92,1511045880
-28,26,hoopstad,za,53.67,77,0,7.07,1511048847
-6,-48,ananas,br,,,,,
22,94,falam,mm,59.57,97,8,0.92,1511048848
66,90,svetlogorsk,ru,35.6,100,75,13.42,1511046000
2,172,taburao,ki,,,,,
-26,24,werda,bw,56.37,24,0,8.08,1511048849
52,18,pleszew,pl,36.98,95,88,13.33,1511048849
54,152,sobolevo,ru,,,,,
28,60,iranshahr,ir,33.47,42,0,1.92,1511048850
-2,-38,jardim,br,69.11,98,88,5.95,1511048851
40,80,aksu,cn,26.54,80,88,1.14,1511048687
6,84,kalmunai,lk,71.81,99,0,1.92,1511048851
-28,-60,resistencia,ar,65.26,48,0,5.82,1511046000
44,10,lerici,it,39.2,100,40,3.36,1511046900
42,-140,port hardy,ca,44.6,93,90,13.87,1511046000
46,-98,aberdeen,us,28.4,50,1,13.87,1511045580
42,124,fushun,cn,14,47,0,4.47,1511046000
-8,150,kandrian,pg,86.75,75,0,3.15,1511048855
46,-12,carballo,es,44.6,93,0,2.24,1511047800
30,-26,vila franca do campo,pt,66.2,82,40,8.05,1511047800
56,134,chumikan,ru,-6.68,100,0,12.21,1511048760
46,-68,houlton,us,29.16,74,75,4.16,1511045760
30,76,dirba,in,50.21,86,0,8.3,1511048858
42,-124,grants pass,us,41.97,44,1,8.05,1511045760
0,-68,sao gabriel da cachoeira,br,79.86,90,8,2.93,1511048858
68,138,deputatskiy,ru,-9.56,64,76,3.04,1511048769
12,-38,sao filipe,cv,77.07,100,0,10.98,1511048859
64,148,shirokiy,ru,-12.98,100,0,6.62,1511048860
62,30,lakhdenpokhya,ru,37.07,98,76,10.76,1511048860
-36,146,corowa,au,71.6,53,0,8.05,1511046000
14,40,adwa,et,,,,,
32,-22,ponta do sol,pt,66.2,68,75,12.75,1511047800
6,42,ginir,et,43.59,72,0,2.59,1511048861
44,-60,louisbourg,ca,,,,,
48,-62,cap-aux-meules,ca,37.4,86,90,23.04,1511046000
50,126,nenjiang,cn,-22.74,33,0,7.18,1511048863
46,24,cenade,ro,,,,,
-24,44,betioky,mg,66.32,68,0,12.33,1511048864
48,-80,kirkland lake,ca,28.4,92,90,10.29,1511046000
28,96,tezu,in,54.57,72,0,1.59,1511048865
30,-92,abbeville,us,75.83,88,40,9.17,1511046900
18,88,paradwip,in,,,,,
46,60,kazalinsk,kz,,,,,
24,84,daltenganj,in,64.29,85,44,3.15,1511048866
20,-42,ponta do sol,cv,76.13,100,0,13.56,1511048867
22,104,lao cai,vn,59.34,100,88,1.92,1511048868
72,134,nizhneyansk,ru,,,,,
54,4,den helder,nl,47.05,70,75,12.75,1511047500
20,-68,samana,do,,,,,
54,8,jever,de,42.8,81,20,18.34,1511047200
24,106,bose,cn,,,,,
-10,36,mahanje,tz,79.1,42,88,5.84,1511048630
32,138,oyama,jp,42.8,56,20,2.24,1511046000
28,-98,alice,us,85.1,48,1,9.17,1511046900
-58,128,mount gambier,au,77.12,69,0,4.94,1511048748
18,-24,pombas,cv,76.13,100,0,13.56,1511048871
-2,18,inongo,cd,71.94,100,56,2.15,1511048871
30,58,bam,ir,31.31,55,0,5.39,1511048872
32,14,bani walid,ly,45.26,84,0,8.86,1511048872
6,32,juba,sd,,,,,
42,-10,vila praia de ancora,pt,50.86,76,0,8.05,1511047800
-8,32,sumbawanga,tz,68,60,5,5.82,1511046000
62,40,shalakusha,ru,34.55,99,92,10.09,1511048874
-60,128,portland,au,67.58,79,0,2.37,1511048875
32,38,turayf,sa,62.6,36,0,16.11,1511046000
-12,-72,pangoa,pe,67.76,97,12,2.04,1511048877
34,6,tuggurt,dz,,,,,
-32,-58,paysandu,uy,57.72,39,0,5.5,1511048878
60,-154,homer,us,32,100,1,3.36,1511045580
-12,142,daru,pg,79.19,100,80,9.86,1511048879
54,-116,whitecourt,ca,23,85,75,4.7,1511046000
12,128,sulangan,ph,82.79,100,64,12.77,1511048879
-14,24,kabompo,zm,65.06,87,68,3.27,1511048880
62,154,dukat,ru,-23.28,31,0,2.59,1511048784
10,34,asosa,et,60.65,83,12,3.04,1511048881
34,-106,ruidoso,us,57.9,36,1,8.05,1511046900
14,-68,rincon,an,,,,,
2,-118,san patricio,mx,87.8,70,20,13.87,1511044800
10,-76,san onofre,co,78.92,90,100,7.74,1511048882
56,120,khani,ru,,,,,
40,-16,peniche,pt,51.84,51,0,3.36,1511047800
28,-108,creel,mx,61.73,19,0,5.28,1511048883
-28,162,noumea,nc,78.8,39,0,5.82,1511047800
22,-92,celestun,mx,78.06,100,0,9.98,1511048885
64,-22,kopavogur,is,31.17,80,75,5.82,1511046000
52,-102,kamsack,ca,8.6,71,1,11.41,1511046000
30,-102,del rio,us,73.4,27,1,11.41,1511045760
-20,-24,georgetown,sh,75.05,100,68,16.02,1511048887
-40,176,takapau,nz,56.78,65,88,13,1511048888
58,34,berezayka,ru,33.24,87,88,9.53,1511048888
38,-72,brigantine,us,54.91,67,75,16.11,1511046000
24,-110,la paz,mx,86,33,5,9.17,1511044800
-14,44,boueni,yt,77,88,76,3.36,1511046000
50,134,litovko,ru,-11.04,73,20,1.7,1511048760
28,122,wenling,cn,50.66,100,44,15.46,1511048890
50,44,danilovka,ru,34.01,98,80,10.87,1511048891
26,-98,rio bravo,mx,85.19,54,1,4.7,1511046900
40,120,qinhuangdao,cn,10.61,65,0,2.15,1511048892
54,-180,egvekinot,ru,25.1,92,92,2.59,1511048893
70,26,karasjok,no,23,92,36,2.24,1511047200
16,-98,huazolotitlan,mx,,,,,
-22,148,moranbah,au,79.01,62,24,9.64,1511048894
60,106,yerbogachen,ru,-34.76,63,0,1.59,1511048718
20,108,cam pha,vn,,,,,
42,-72,southbridge,us,39.24,80,90,8.19,1511047920
60,38,lipin bor,ru,33.51,91,88,15.23,1511048896
56,88,suslovo,ru,30.32,90,88,8.75,1511048896
-18,-52,jatai,br,73.02,80,88,6.96,1511048897
20,-96,emilio carranza,mx,,,,,
-4,106,metro,id,80.99,86,48,6.06,1511048712
16,-96,xadani,mx,,,,,
2,20,binga,cd,,,,,
26,92,nongpoh,in,58.44,94,56,2.59,1511048898
-6,26,lubao,cd,69.38,90,8,2.93,1511048899
36,-80,high point,us,61.7,59,40,10.29,1511046900
32,24,tubruq,ly,,,,,
-14,166,sola,vu,80.81,99,92,15.46,1511048900
52,2,lowestoft,gb,39.2,80,36,8.05,1511047200
30,44,baghdad,iq,57.2,54,44,1.12,1511046000
38,106,yinchuan,cn,22.4,52,80,3.04,1511048902
-14,-40,jitauna,br,70.14,86,32,5.95,1511048902
16,-88,puerto cortes,hn,,,,,
40,-112,payson,us,39.2,48,1,3.36,1511046900
30,52,kazerun,ir,46.7,69,20,4.05,1511048904
48,48,tambovka,ru,-11.21,57,0,4.47,1511046000
50,32,drabiv,ua,35.31,97,88,6.4,1511048905
62,64,zelenoborsk,ru,22.13,92,80,5.95,1511048906
22,-80,manicaragua,cu,74.32,83,20,5.82,1511045460
42,-92,cedar rapids,us,38.16,64,1,19.46,1511046900
58,58,lysva,ru,30.36,87,88,13.44,1511048907
22,-84,guane,cu,73.07,83,24,2.37,1511048907
56,116,taksimo,ru,-24.86,33,44,1.92,1511048730
-34,142,mildura,au,74.46,68,0,14,1511048908
60,40,kharovsk,ru,31.71,90,76,12.77,1511048908
-24,-80,antofagasta,cl,59.79,78,0,2.71,1511048909
48,110,ondorhaan,mn,,,,,
66,108,aykhal,ru,-13.83,60,48,2.93,1511048721
10,16,lai,td,72.89,77,0,3.04,1511048909
12,118,bacuit,ph,,,,,
-32,-70,salamanca,cl,51.56,71,0,1.25,1511048910
40,-180,provideniya,ru,35.04,100,92,14.23,1511048911
32,74,kamoke,pk,51.67,76,0,3.71,1511046000
32,56,bafq,ir,27.84,70,0,2.93,1511048912
28,52,khormuj,ir,,,,,
52,4,monster,nl,45.55,87,40,3.36,1511047500
14,18,ati,td,75.09,26,0,10.98,1511048913
48,56,shubarkuduk,kz,20.37,74,64,3.94,1511048914
16,126,pandan,ph,80.76,100,80,6.17,1511048914
-8,160,buala,sb,85.04,85,56,4.61,1511048915
12,10,azare,ng,69.87,56,20,2.93,1511048915
52,136,berezovyy,ru,-11.18,53,36,3.27,1511048916
66,56,puteyets,ru,27.08,90,88,7.85,1511048917
4,10,edea,cm,75.2,100,75,3.36,1511046000
50,22,rzeszow,pl,35.6,93,75,5.82,1511047800
64,52,sindor,ru,30.09,91,64,8.08,1511048918
28,84,waling,np,39.72,80,0,1.7,1511048919
30,-78,merritt island,us,72.05,68,1,4.7,1511045880
44,-76,watertown,us,43.92,80,90,4.7,1511046900
46,14,idrija,si,38.52,100,0,1.12,1511047800
40,-76,coatesville,us,47.52,100,20,5.82,1511046900
14,10,goure,ne,74.69,34,0,9.19,1511048921
60,52,lesnoy,ru,24.87,93,20,8.97,1511048921
-10,44,mitsamiouli,km,78.87,100,20,8.3,1511048642
36,36,samandag,tr,,,,,
30,130,kaseda,jp,41,65,20,10.29,1511046000
50,-8,kinsale,ie,48.2,100,75,4.7,1511046000
12,116,tagusao,ph,79.77,99,12,4.16,1511048923
6,-106,san jeronimo,mx,,,,,
-24,46,amboasary,mg,71.6,88,75,7.52,1511046000
2,-4,jacqueville,ci,82.4,83,40,9.17,1511047800
10,118,aporawan,ph,,,,,
32,88,lasa,cn,,,,,
2,-84,muisne,ec,73.25,82,20,5.61,1511048925
-12,30,samfya,zm,76.62,51,48,14.45,1511048926
22,30,aswan,eg,64.02,84,0,2.59,1511048926
28,-16,galdar,es,69.8,73,75,10.29,1511047800
56,74,kolosovka,ru,19.74,89,68,8.63,1511048928
-24,30,tzaneen,za,52.1,83,12,1.48,1511048928
12,-82,san andres,co,82.4,78,40,8.05,1511046000
40,50,zig,az,,,,,
40,-66,shelburne,ca,44.13,100,90,3.36,1511046180
4,-164,hilo,us,71.82,61,20,10.29,1511045760
68,-54,kangaatsiaq,gl,12.59,100,0,8.52,1511048930
16,-94,paredon,mx,77.3,56,0,1.7,1511048930
8,-8,touba,ci,67.67,67,20,2.59,1511048931
22,-106,teacapan,mx,81.8,60,0,2.48,1511048932
58,2,visnes,no,45.37,75,0,33.33,1511047200
46,132,baoqing,cn,-6.81,59,0,8.08,1511048933
58,8,kristiansand,no,41,75,20,5.82,1511047200
-16,-50,goias,br,74.33,83,68,6.06,1511048934
8,-58,georgetown,gy,77,94,20,9.17,1511046000
52,96,toora-khem,ru,-8.34,55,24,1.7,1511048935
4,-64,boa vista,br,87.8,55,20,17.22,1511046000
68,54,iskateley,ru,24.02,92,88,14.67,1511048936
58,82,podgornoye,ru,32,94,75,6.71,1511046000
46,12,valdobbiadene,it,41,86,0,3.36,1511047200
-26,-52,pinhao,br,63.26,99,88,2.37,1511048938
48,144,makarov,ru,19.97,100,0,10.76,1511048938
36,-100,woodward,us,52.09,23,1,12.75,1511046900
-22,44,ankazoabo,mg,72.62,73,20,8.52,1511048939
34,4,birin,dz,,,,,
32,-104,carlsbad,us,70.47,68,1,5.82,1511045820
-50,-72,rio gallegos,ar,42.8,41,40,36.91,1511046000
50,6,clervaux,lu,39.78,100,90,4.7,1511047440
28,126,yomitan,jp,,,,,
34,20,tukrah,ly,,,,,
-12,-180,vaitupu,wf,,,,,
-10,-64,ariquemes,br,78.51,87,0,2.15,1511048941
32,-108,deming,us,63.46,16,1,14.99,1511046900
12,108,da lat,vn,65.91,96,92,2.82,1511048942
18,-62,codrington,ag,,,,,
60,54,gayny,ru,28.11,83,44,9.53,1511048942
18,34,barbar,sd,,,,,
60,58,severnyy-kospashskiy,ru,29.6,89,88,11.88,1511048943
-2,118,balikpapan,id,78.8,100,40,3.36,1511046000
-30,116,northam,au,60.8,93,0,1.12,1511046000
48,116,zabaykalsk,ru,-12.84,56,56,2.93,1511048944
-24,-56,lima,py,,,,,
52,-80,moose factory,ca,,,,,
54,-6,newry,gb,38.35,100,75,2.24,1511047200
28,54,gerash,ir,51.8,57,0,1.81,1511046000
24,28,tahta,eg,52.41,89,0,2.59,1511048947
0,-112,lazaro cardenas,mx,79.73,93,48,5.39,1511048659
42,76,kemin,kg,,,,,
54,76,kachiry,kz,26.76,90,76,10.42,1511048948
56,118,chara,ru,-19.59,73,44,1.59,1511048948
56,124,zolotinka,ru,,,,,
14,6,madaoua,ne,72.44,48,0,5.28,1511048949
38,-124,healdsburg,us,61.09,39,1,3.6,1511048100
-2,136,biak,id,,,,,
24,-156,kailua,us,78.39,69,40,9.17,1511045820
-24,-60,pozo colorado,py,,,,,
56,22,plunge,lt,39.2,93,80,4.7,1511047200
38,24,rafina,gr,50.95,100,0,3.36,1511047200
24,102,zhoucheng,cn,27.71,61,68,5.39,1511048952
-6,-74,requena,pe,,,,,
-20,-152,moerai,pf,74.19,100,0,17.25,1511048953
54,46,bolshiye berezniki,ru,,,,,
42,68,chardara,kz,,,,,
36,26,astipalaia,gr,,,,,
56,-142,haines junction,ca,1.7,96,48,2.26,1511048954
14,30,bara,sd,,,,,
-2,116,barabai,id,80.49,86,0,0.81,1511048955
-28,18,karasburg,na,52.91,25,0,2.59,1511048955
4,120,manuk mangkaw,ph,83.78,100,24,1.59,1511048955
52,14,lubben,de,37.4,93,75,13.87,1511047200
20,66,dwarka,in,72.62,100,0,18.48,1511048957
30,-18,santa cruz de la palma,es,71.6,73,0,5.82,1511047800
44,-106,gillette,us,39.2,35,1,0.92,1511045580
48,-72,desbiens,ca,,,,,
32,-8,marrakesh,ma,59,54,0,6.93,1511047800
8,116,balabac,ph,82.43,100,32,7.96,1511048959
56,50,arsk,ru,30.86,95,76,8.19,1511048959
46,42,gorodovikovsk,ru,40.04,93,24,11.65,1511048960
70,34,polyarnyy,ru,21.2,92,90,3.15,1511046000
-32,34,durban,za,72.71,95,0,10.42,1511048686
44,128,huangnihe,cn,0.57,50,20,3.94,1511048961
48,134,smidovich,ru,-6.23,58,20,5.73,1511048962
-6,-34,nisia floresta,br,78.8,74,20,8.05,1511046000
-10,-36,coruripe,br,78.47,97,88,12.1,1511048963
2,116,tarakan,id,77.93,100,32,2.93,1511048963
30,114,puqi,cn,45.21,100,80,9.75,1511048964
-8,-66,pauini,br,79.86,90,12,1.92,1511048964
-10,-48,palmas,br,75.2,94,90,5.82,1511046000
34,32,pafos,cy,,,,,
58,-4,golspie,gb,40.46,86,0,12.75,1511047200
26,106,anshun,cn,39.36,93,80,4.16,1511048966
50,-64,havre-saint-pierre,ca,32,88,90,4.7,1511046000
50,-122,lillooet,ca,46.4,70,1,19.46,1511046000
-24,24,dutlwe,bw,53.04,42,0,3.71,1511048968
14,-20,dakar,sn,78.8,61,0,12.75,1511047800
6,40,goba,et,35.99,74,0,2.37,1511048969
70,14,stokmarknes,no,29.01,100,12,7.74,1511048970
-10,122,ende,id,82.02,100,32,3.27,1511048970
22,122,taitung,tw,68,72,75,12.75,1511046000
68,36,tumannyy,ru,,,,,
28,36,tabuk,sa,71.6,37,75,3.36,1511046000
28,-112,santa rosalia,mx,77.12,97,0,22.28,1511048972
72,32,vardo,no,37.92,100,88,9.64,1511048972
50,-126,campbell river,ca,47.01,87,90,16.11,1511046000
50,-36,lagoa,pt,67.31,99,76,20.27,1511048973
64,22,pietarsaari,fi,,,,,
6,-102,tecoanapa,mx,77.75,85,100,4.83,1511048973
14,116,cabra,ph,83.01,100,8,16.35,1511048974
-24,22,tshane,bw,,,,,
52,36,fatezh,ru,32.39,93,88,7.74,1511048975
58,78,kedrovyy,ru,30.2,54,40,15.66,1511046000
26,108,xiaoweizhai,cn,36.12,100,92,3.15,1511048976
-14,156,gizo,sb,85.13,100,0,5.17,1511048783
38,114,luancheng,cn,21.2,73,8,4.47,1511046000
38,58,buzmeyin,tm,42.8,75,20,2.24,1511046000
-14,-72,santo tomas,pe,40.58,99,56,2.15,1511048977
6,62,ugoofaaru,mv,82.34,100,88,1.81,1511048978
-2,-62,barcelos,br,80.99,82,8,3.38,1511048978
46,-94,brainerd,us,18.79,62,90,14.99,1511046960
-24,-40,armacao dos buzios,br,,,,,
38,-102,lamar,us,48.2,23,1,5.82,1511045580
-10,114,muncar,id,79.86,95,64,3.49,1511048981
16,32,umm durman,sd,,,,,
4,86,wattegama,lk,74.78,94,12,4.05,1511048981
66,-80,iqaluit,ca,12.2,56,20,14.99,1511046000
42,-162,kodiak,us,37.4,55,1,11.41,1511045580
0,12,booue,ga,73.29,97,92,1.7,1511048983
52,44,rtishchevo,ru,30.59,95,92,10.31,1511048983
24,-76,rock sound,bs,78.83,100,76,15.68,1511048984
66,44,kamenka,ru,32.03,96,92,9.75,1511048985
58,6,egersund,no,44.6,75,40,23.04,1511047200
52,112,mogzon,ru,14.66,74,80,10.76,1511048985
8,126,santa josefa,ph,77.57,91,88,3.15,1511048986
-32,-72,la ligua,cl,57.68,75,0,3.6,1511048987
24,112,huaicheng,cn,51.02,100,92,3.71,1511048987
10,128,union,ph,82.4,83,20,3.36,1511046000
-16,38,mocuba,mz,,,,,
-4,-6,tabou,ci,78.92,100,92,9.42,1511048988
34,134,waki,jp,44.6,81,40,11.41,1511046000
-6,170,lolua,tv,,,,,
48,-66,new richmond,ca,,,,,
54,10,neumunster,de,40.53,81,40,11.41,1511047200
16,4,tahoua,ne,68.93,67,12,2.15,1511048990
54,66,polovinnoye,ru,23.61,94,68,10.65,1511048991
48,-116,sandpoint,us,40.51,74,90,3.36,1511046900
0,-80,pedernales,ec,73.07,84,12,7.07,1511048992
-34,36,scottsburgh,za,,,,,
60,-136,whitehorse,ca,-0.41,77,40,5.82,1511046000
-18,-48,catalao,br,70.41,90,64,2.82,1511048992
26,-106,santa maria del oro,mx,64.47,24,0,5.39,1511048993
-6,150,kimbe,pg,84.36,98,36,3.6,1511048779
16,-60,saint-francois,gp,80.6,74,92,6.93,1511046000
-10,20,saurimo,ao,64.7,96,68,2.59,1511048994
40,138,oga,jp,,,,,
2,-56,grand-santi,gf,81.84,72,92,5.61,1511048994
-6,144,mount hagen,pg,65.46,90,12,2.15,1511048995
48,16,berndorf,at,42.8,74,75,17.22,1511047200
50,-106,assiniboia,ca,19.79,78,8,11.32,1511048996
38,-122,concord,us,61.95,36,1,4.7,1511048100
26,-78,high rock,bs,75.2,69,20,7.74,1511046000
-22,166,bouloupari,nc,78.8,39,0,5.82,1511047800
-30,-64,cordoba,ar,64.4,34,0,9.17,1511046000
-28,156,byron bay,au,75.2,57,40,17.22,1511047500
6,-74,florian,co,63.66,98,80,2.37,1511048998
42,-94,boone,us,56.97,81,75,4.7,1511046900
18,72,srivardhan,in,73.34,77,76,5.06,1511048999
-24,34,manjacaze,mz,68.61,63,8,11.99,1511049000
12,-78,tigre,pa,,,,,
-4,-80,alamor,ec,,,,,
62,46,krasnoborsk,ru,33.92,95,92,9.42,1511049001
-34,176,ngunguru,nz,60.47,100,92,27.65,1511049001
16,-2,tombouctou,ml,,,,,
28,118,shangrao,cn,42.87,84,76,3.71,1511049002
38,68,denau,uz,,,,,
-42,172,reefton,nz,,,,,
6,-70,cravo norte,co,81.26,78,8,6.62,1511049003
40,-78,chambersburg,us,42.8,100,75,3.36,1511046480
24,86,hesla,in,61.91,89,8,2.71,1511049004
46,-82,little current,ca,35.6,100,90,14.99,1511046000
6,102,sungai kolok,th,,,,,
-6,154,panguna,pg,84.68,80,44,3.15,1511049005
10,-88,san rafael del sur,ni,87.8,52,20,4.7,1511046000
-24,48,vangaindrano,mg,67.71,100,92,4.72,1511049006
4,8,opobo,ng,,,,,
38,72,karakendzha,tj,,,,,
42,74,toktogul,kg,13.58,90,80,1.25,1511049007
-42,-66,puerto madryn,ar,66.09,54,92,28.88,1511049007
52,140,bogorodskoye,ru,31.71,95,88,7.85,1511049008
-22,-54,rio brilhante,br,67.71,99,92,10.54,1511049008
-38,170,karamea,nz,,,,,
10,6,kontagora,ng,74.96,68,32,2.93,1511049009
44,0,tonneins,fr,30.13,73,75,2.93,1511047800
8,-78,el real de santa maria,pa,,,,,
36,-116,pahrump,us,58.48,11,1,0.13,1511045880
54,114,bagdarin,ru,-23.15,59,44,2.48,1511049012
16,-160,ewa beach,us,78.33,54,75,10.29,1511045820
36,-110,winslow,us,51.8,13,1,8.05,1511045760
68,152,srednekolymsk,ru,-1.73,70,76,8.52,1511049013
12,-72,uribia,co,73.34,97,92,3.27,1511049014
18,116,catuday,ph,81.08,100,20,4.94,1511049014
-4,144,angoram,pg,84.77,76,80,2.37,1511049015
-24,162,voh,nc,72.98,100,92,6.4,1511049016
60,-4,stromness,gb,41.83,70,32,21.92,1511047200
46,118,hailar,cn,-26.34,38,0,3.71,1511049017
4,30,yei,sd,,,,,
44,124,zhengjiatun,cn,3.09,56,0,8.52,1511049018
26,32,el balyana,eg,,,,,
48,76,karkaralinsk,kz,,,,,
4,132,kloulklubed,pw,83.26,83,75,12.44,1511045460
8,18,moissala,td,75.23,81,68,3.38,1511049019
58,30,dno,ru,34.32,91,88,10.42,1511049019
38,120,longkou,cn,43.73,100,64,15.23,1511049020
12,-70,punto fijo,ve,78.74,97,64,4.38,1511049021
-2,-56,juruti,br,84.86,45,0,3.94,1511049021
-24,-64,libertador general san martin,ar,59,58,90,5.82,1511046000
-16,-48,brasilia,br,71.6,78,40,5.82,1511046000
62,12,roros,no,10.4,92,90,2.24,1511047200
40,74,ozgon,kg,,,,,
8,34,gambela,et,58.26,79,0,3.71,1511049023
54,-102,flin flon,ca,8.6,78,75,6.93,1511046000
52,116,shilka,ru,-20.94,28,12,2.26,1511049025
68,-18,husavik,is,15.8,92,20,2.24,1511046000
-16,42,mocambique,mz,,,,,
46,98,moron,mn,-2.45,64,44,4.61,1511049026
-14,38,montepuez,mz,71.63,82,8,6.62,1511049026
-30,-44,imbituba,br,71.6,78,75,9.17,1511046000
58,10,hirtshals,dk,45.84,99,0,21.05,1511049027
40,-84,tipp city,us,54.09,100,90,21.92,1511047560
44,-118,baker city,us,43.83,38,1,13.87,1511045760
58,84,molchanovo,ru,28.07,91,88,10.09,1511049030
30,-84,tallahassee,us,69.37,72,90,6.93,1511048100
24,104,zhongshu,cn,49.76,99,92,3.71,1511049031
68,96,tura,ru,-21.66,91,64,2.71,1511049031
52,86,gorno-altaysk,ru,3.81,71,8,3.15,1511049032
44,138,terney,ru,9.84,100,0,20.83,1511049033
2,4,yenagoa,ng,75.99,89,20,5.5,1511049033
-14,-92,san cristobal,ec,71.6,64,0,13.87,1511046000
34,50,arak,ir,25.59,100,8,2.48,1511049034
-36,-2,luderitz,na,56.01,74,0,11.77,1511049035
56,34,sychevka,ru,32.12,96,92,6.73,1511049035
-32,154,port macquarie,au,64.4,88,90,5.82,1511046000
70,20,lyngseidet,no,24.8,85,75,2.24,1511045400
36,-128,ukiah,us,57.2,35,1,4.7,1511045760
38,62,murgab,tm,37.4,69,5,4.7,1511046000
8,42,harer,et,41.75,81,0,2.15,1511049038
12,-12,mali,gn,65.37,63,8,2.26,1511049039
-12,-68,cobija,bo,81.39,66,0,4.27,1511049039
46,-112,butte,us,33.8,43,1,3.49,1511045580
-38,42,tsihombe,mg,,,,,
0,-152,atuona,pf,79.46,100,64,11.32,1511049040
28,68,garhi khairo,pk,51.96,84,0,4.94,1511049041
30,10,nalut,ly,41.03,84,0,1.7,1511049041
30,72,mailsi,pk,52.77,87,0,2.71,1511049042
64,-102,thompson,ca,10.4,72,90,17.22,1511046000
60,32,novaya ladoga,ru,36.57,90,64,8.63,1511049044
36,6,constantine,dz,42.8,87,20,2.59,1511047800
16,120,paitan,ph,75.68,100,80,3.6,1511049045
70,76,tazovskiy,ru,0.26,75,80,7.4,1511049045
18,42,abha,sa,52.66,66,0,2.82,1511046000
20,102,luang prabang,la,,,,,
-18,-178,neiafu,to,84.2,83,40,5.82,1511046000
26,78,antri,in,60.51,84,80,2.93,1511049047
-22,32,chiredzi,zw,68.07,87,8,7.96,1511049048
-40,178,wairoa,nz,55.74,100,92,19.26,1511049049
38,-108,montrose,us,39.6,26,1,2.15,1511049300
-6,122,katobu,id,,,,,
58,32,parfino,ru,34.91,92,88,10.65,1511049049
-6,116,singaraja,id,80.6,88,40,3.36,1511046000
54,-48,nanortalik,gl,28.74,97,56,35.03,1511049050
10,96,ranong,th,75.2,94,0,4.61,1511046000
54,90,sorsk,ru,2.91,69,20,3.71,1511049052
30,-114,san felipe,mx,82.4,14,5,8.41,1511044860
-32,-64,rio tercero,ar,65.24,29,0,8.41,1511049053
6,-76,salgar,co,64.24,88,75,2.24,1511046000
-32,-68,san juan,ar,63.98,30,0,4.61,1511049054
32,80,gangotri,in,,,,,
26,68,sann,pk,59,77,0,6.93,1511046000
44,44,sovetskaya,ru,35,92,36,3.6,1511049056
64,140,ust-nera,ru,-30.98,46,20,2.04,1511048769
48,-94,fort frances,ca,15.8,72,90,13.87,1511046960
-20,8,opuwo,na,56.15,62,0,2.93,1511049057
-6,44,micheweni,tz,81.62,100,8,4.16,1511049057
56,64,kargapolye,ru,,,,,
48,78,ayagoz,kz,31.22,77,88,19.15,1511049058
50,16,holice,cz,38.37,86,90,16.11,1511046000
-4,154,namatanai,pg,83.78,100,20,3.94,1511049059
44,40,kamennomostskiy,ru,36.35,68,56,2.15,1511049060
-18,142,atherton,au,82.4,65,40,6.93,1511046000
44,74,shu,kz,27.26,82,80,10.09,1511049061
-6,2,omboue,ga,78.02,100,80,4.38,1511049061
62,22,noormarkku,fi,37.4,93,68,5.82,1511047200
-36,150,batemans bay,au,67.26,77,64,5.84,1511048781
-12,138,nhulunbuy,au,86,62,75,11.41,1511046000
18,-66,patillas,us,,,,,
12,32,marabba,sd,69.51,77,0,2.71,1511049063
10,114,taburi,ph,,,,,
-50,170,kaitangata,nz,,,,,
54,162,ust-kamchatsk,ru,,,,,
-18,16,ondangwa,na,65.33,22,0,6.62,1511049064
-22,60,bambous virieux,mu,75.2,88,40,4.7,1511046000
42,128,songjianghe,cn,2.82,70,8,2.93,1511049065
52,32,shchors,ua,35.27,97,92,8.19,1511049066
36,-120,avenal,us,68.52,37,40,2.59,1511045760
-8,-114,puerto ayora,ec,77,50,20,16.11,1511046000
62,152,orotukan,ru,-23.69,99,24,2.71,1511049067
-6,0,port-gentil,ga,77,88,90,4.7,1511046000
34,-102,plainview,us,49.28,81,90,12.75,1511046900
62,-2,brae,gb,42.8,75,68,20.8,1511047200
36,-84,knoxville,us,65.26,72,90,20.8,1511045580
52,110,kizhinga,ru,17.18,67,76,7.52,1511049070
-28,-66,catamarca,ar,,,,,
-6,50,victoria,sc,77,83,75,10.29,1511046000
54,52,kamyshla,ru,33.02,94,92,7.74,1511049071
50,-68,baie-comeau,ca,23,92,90,4.7,1511046000
10,130,bacolod,ph,81.21,100,48,2.26,1511049072
12,16,dourbali,td,72.89,35,0,10.2,1511049072
30,-104,ojinaga,mx,68.97,19,0,10.87,1511049073
34,76,kargil,in,3.41,84,56,1.25,1511049073
6,-8,zwedru,lr,71.36,98,56,4.16,1511049074
56,130,chagda,ru,,,,,
12,4,jega,ng,72.89,69,0,2.93,1511049074
-12,10,benguela,ao,69.92,100,20,4.38,1511049075
-16,18,menongue,ao,65.96,78,8,3.27,1511049075
30,136,shingu,jp,48.2,66,40,19.46,1511046000
10,30,talawdi,sd,,,,,
26,12,awbari,ly,44.99,42,80,4.16,1511049077
32,122,huilong,cn,47.6,100,48,12.77,1511049077
-28,24,danielskuil,za,44.76,59,0,1.7,1511049078
28,90,gasa,bt,-8.57,53,0,3.15,1511049078
50,-102,moosomin,ca,10.97,74,0,9.75,1511049079
14,-84,rosita,ni,,,,,
6,128,pundaguitan,ph,,,,,
-36,144,swan hill,au,77.34,57,0,13,1511049080
26,66,bela,pk,41.03,70,0,5.28,1511049080
24,-78,andros town,bs,78.8,74,75,9.17,1511046000
26,62,gwadar,pk,65.96,83,0,18.37,1511049081
54,12,bad doberan,de,39.2,86,75,17.22,1511047200
48,36,novomykolayivka,ua,33.8,90,75,6.71,1511046000
-22,-52,presidente venceslau,br,71.6,73,0,4.7,1511046000
-12,46,dzaoudzi,yt,77,88,80,3.36,1511046000
6,120,pandan niog,ph,83.6,100,24,2.59,1511049084
0,36,rongai,ke,52.73,96,68,2.59,1511049084
-20,-68,uyuni,bo,53.04,6,0,15.46,1511049085
34,114,xuchang,cn,39.2,35,92,4.47,1511046000
-30,-58,bella union,uy,55.74,58,0,6.29,1511049086
14,-60,crab hill,bb,,,,,
16,88,puri,in,75.2,100,90,2.24,1511046000
-12,-84,chimbote,pe,63.35,82,0,8.41,1511049087
68,112,udachnyy,ru,-9.02,64,48,3.27,1511049088
34,116,bozhou,cn,34.37,57,92,3.15,1511049088
60,-108,la ronge,ca,8.6,71,20,4.7,1511046000
-10,-170,samalaeulu,ws,,,,,
40,-52,torbay,ca,41,93,90,9.17,1511046000
32,-84,cordele,us,69.48,56,90,6.93,1511048100
-26,26,lichtenburg,za,44.9,55,0,1.25,1511049090
46,-120,grandview,us,47.7,64,1,12.75,1511048100
-12,-172,saleaula,ws,,,,,
68,64,severnyy,ru,33.8,100,75,8.95,1511046000
-52,128,port lincoln,au,70.59,75,24,14.23,1511049093
30,12,mizdah,ly,39.72,83,0,5.17,1511049094
44,24,marsani,ro,44.6,100,90,4.7,1511047800
48,-8,penzance,gb,53.6,87,90,16.11,1511045400
62,16,bollnas,se,27.21,91,92,7.4,1511049096
32,-120,port hueneme,us,68.11,68,40,11.41,1511045760
-22,48,manakara,mg,73.74,99,76,6.96,1511049099
8,-74,santa rosa del sur,co,78.06,90,64,2.71,1511049100
38,-98,hutchinson,us,51.19,34,1,16.11,1511045760
-28,-54,santo augusto,br,61.32,71,0,8.97,1511049101
50,-114,claresholm,ca,33.8,59,32,32.21,1511046000
54,142,okha,ru,20.6,98,44,29.55,1511049102
-32,-56,tacuarembo,uy,52.32,55,0,6.17,1511049103
-2,166,tabiauea,ki,,,,,
0,-84,manta,ec,73.4,83,40,16.11,1511046000
-2,-78,palora,ec,66.09,98,44,0.92,1511049104
62,26,jyvaskyla,fi,,,,,
58,142,okhotsk,ru,-6.36,100,32,11.43,1511049105
-20,136,mount isa,au,91.4,9,12,6.93,1511046000
64,28,kajaani,fi,26.6,92,90,3.36,1511047200
-2,22,lodja,cd,71.18,95,76,2.59,1511049107
60,90,teya,ru,16.14,75,88,5.06,1511049107
28,-88,pascagoula,us,73.13,94,40,5.82,1511048100
44,76,boralday,kz,,,,,
-18,132,katherine,au,84.2,66,0,4.7,1511046000
24,-82,key west,us,74.28,69,1,4.7,1511045580
-16,-44,sao joao da ponte,br,67.22,98,68,2.71,1511049110
26,104,rongcheng,cn,38.96,92,56,6.96,1511049110
20,-88,felipe carrillo puerto,mx,75.23,85,80,2.93,1511049110
20,110,lingao,cn,,,,,
42,6,la seyne-sur-mer,fr,40.93,75,0,4.7,1511047800
-10,-32,sao jose da coroa grande,br,76.04,88,92,5.61,1511049111
-4,-74,nauta,pe,,,,,
12,110,nha trang,vn,74.01,100,92,15.35,1511048832
46,136,vostok,ru,-8.39,61,24,3.15,1511049112
24,14,marzuq,ly,,,,,
50,-80,cochrane,ca,39.31,44,20,26.4,1511046000
52,30,lyubech,ua,33.69,99,88,3.94,1511049113
60,56,kerchevskiy,ru,30.81,86,88,10.42,1511049114
52,62,lisakovsk,kz,27.62,89,24,12.21,1511049114
-34,150,lithgow,au,73.4,49,75,10.29,1511046000
22,80,waraseoni,in,68.39,84,12,6.85,1511049115
14,100,bang len,th,82.4,88,20,5.82,1511046000
56,98,tayshet,ru,14.57,75,32,3.83,1511049117
-6,-32,cabedelo,br,78.8,74,20,6.93,1511046000
10,22,birao,cf,79.19,54,12,8.75,1511049118
36,110,yanan,cn,,,,,
46,-96,fergus falls,us,20.5,67,1,20.8,1511047080
36,-70,nantucket,us,53.28,87,75,6.93,1511047140
44,20,kosjeric,rs,,,,,
14,-62,canaries,lc,,,,,
64,46,leshukonskoye,ru,33.06,81,88,7.96,1511049120
-40,-60,tres arroyos,ar,58.94,35,0,11.88,1511049121
44,18,gromiljak,ba,39.2,93,90,4.7,1511046000
46,-84,thessalon,ca,36.12,100,90,9.17,1511046780
12,-58,oistins,bb,82.4,83,75,13.87,1511046000
42,58,akdepe,tm,29.3,80,0,16.11,1511046000
6,26,obo,cf,67.4,93,0,3.49,1511049123
-28,-62,presidencia roque saenz pena,ar,68.34,35,0,9.75,1511049124
64,76,gubkinskiy,ru,2.87,85,76,6.06,1511049125
66,-152,college,us,-13.58,75,40,3.71,1511047200
42,-96,south sioux city,us,33.39,63,1,11.41,1511048100
18,76,tuljapur,in,70.37,56,44,8.63,1511049127
70,66,sovetskiy,ru,22.62,90,92,5.73,1511049127
-36,174,dargaville,nz,60.56,86,92,16.35,1511049128
56,132,tokur,ru,-21.98,59,32,2.59,1511049072
40,118,fengrun,cn,17.22,66,0,3.38,1511049128
-36,148,tumut,au,65.64,70,0,4.94,1511049129
-34,148,young,au,66.95,91,20,11.77,1511049129
18,86,gopalpur,in,79.46,100,80,2.15,1511049130
22,-156,kahului,us,76.87,61,40,12.75,1511048700
48,-90,thunder bay,ca,23,79,90,11.41,1511047680
52,58,buribay,ru,28.34,90,80,10.31,1511049131
12,-62,gouyave,gd,82.4,83,20,13.87,1511046000
-32,18,vredendal,za,47.37,90,0,1.92,1511049131
30,128,naze,jp,62.6,59,75,16.11,1511046000
10,124,clarin,ph,78.42,100,80,2.37,1511049132
28,66,surab,pk,28.43,75,0,4.61,1511049133
6,-4,adzope,ci,73.07,96,20,4.94,1511049133
-22,46,ihosy,mg,63.89,99,48,6.4,1511049134
-28,152,warwick,au,60.29,100,88,14.23,1511049134
-16,-68,coroico,bo,59,30,40,10.29,1511046000
-2,34,nyamuswa,tz,69.8,83,20,5.84,1511046000
36,98,jiuquan,cn,,,,,
16,86,narasannapeta,in,70.41,97,56,2.93,1511049136
-10,-160,faanui,pf,79.46,100,76,21.83,1511049136
60,80,kargasok,ru,21.41,83,64,6.06,1511049137
48,10,bad wurzach,de,37.4,74,75,13.87,1511047200
0,-44,cururupu,br,79.37,78,12,7.74,1511049138
6,-58,linden,gy,77,94,20,9.17,1511046000
48,-100,devils lake,us,14.86,72,1,13.87,1511046900
8,-96,champerico,gt,84.2,66,40,6.93,1511046000
36,52,damavand,ir,46.4,45,0,4.7,1511046000
30,-14,teguise,es,68,72,75,12.75,1511047800
54,98,nizhneudinsk,ru,13.89,77,24,5.17,1511049140
48,12,grafing,de,,,,,
10,-10,tokonou,gn,71.22,48,0,4.5,1511049141
-32,-82,talcahuano,cl,57.32,90,0,21.94,1511049141
20,90,mathbaria,bd,,,,,
-20,36,beira,mz,73.56,86,92,4.27,1511049142
58,24,tostamaa,ee,,,,,
34,-118,hacienda heights,us,75.2,28,1,4.7,1511045880
-18,52,ambodifototra,mg,,,,,
-42,26,port elizabeth,za,55.4,93,0,5.82,1511046000
2,30,bunia,cd,62.31,93,68,2.82,1511049144
0,-38,itarema,br,,,,,
64,66,andra,ru,15.69,90,80,5.5,1511049057
42,10,porto-vecchio,fr,47.17,93,75,2.24,1511047800
30,118,tunxi,cn,,,,,
-42,-70,san carlos de bariloche,ar,48.2,70,75,26.4,1511046000
8,8,makurdi,ng,80.18,75,44,12.21,1511049146
40,62,seydi,tm,34.91,86,0,10.87,1511049146
16,-104,la orilla,mx,79.73,93,48,5.39,1511049147
42,144,kushiro,jp,32,94,20,5.82,1511046000
-6,10,loandjili,cg,77,88,20,4.7,1511046000
56,110,kichera,ru,-3.84,100,56,2.93,1511049148
24,88,kandi,in,66.72,91,0,2.82,1511049149
-26,40,toliary,mg,,,,,
32,36,jawa,jo,60.78,39,0,8.05,1511046000
16,-12,maghama,mr,,,,,
10,108,phan thiet,vn,73.88,100,100,11.77,1511049150
26,-92,morgan city,us,74.07,88,75,9.17,1511048580
14,14,mao,td,73.52,23,0,10.98,1511049151
68,120,zhigansk,ru,-17.3,76,36,5.95,1511049064
58,-12,ballina,ie,39.68,100,92,2.93,1511049152
-32,86,carnarvon,au,68.93,99,0,11.65,1511049152
20,56,nizwa,om,52.73,76,0,2.59,1511049153
12,-6,koutiala,ml,71.9,31,36,7.18,1511049154
14,-74,riohacha,co,80.6,88,75,5.82,1511046000
64,126,sangar,ru,-25.94,39,44,4.61,1511049155
60,138,solnechnyy,ru,-6.41,58,44,2.59,1511049076
28,-94,galveston,us,79.75,83,1,11.41,1511046900
14,24,kutum,sd,65.82,38,12,5.84,1511049155
52,66,esil,kz,21.86,92,92,10.76,1511049156
-12,174,asau,tv,,,,,
34,54,semnan,ir,44.6,42,0,2.24,1511046000
54,0,bridlington,gb,36.73,86,0,9.17,1511047200
62,-130,norman wells,ca,-7.61,76,75,3.36,1511046000
2,-18,bonthe,sl,77.57,96,8,4.38,1511049158
-2,-60,manaus,br,79.68,83,40,1.36,1511046000
46,-8,cervo,es,58.26,100,0,13.22,1511049159
-14,118,waingapu,id,79.37,97,24,4.16,1511049159
58,48,tuzha,ru,31.76,94,80,8.97,1511049160
-14,30,mkushi,zm,64.52,90,12,11.21,1511049160
2,18,impfondo,cg,70.64,98,44,2.15,1511049161
-10,26,bukama,cd,71.45,81,20,5.73,1511049161
62,60,polunochnoye,ru,17.72,72,0,7.96,1511049162
-30,-50,tramandai,br,64.88,88,0,5.5,1511049162
70,58,amderma,ru,,,,,
-24,-68,calama,cl,51.47,49,0,2.59,1511049163
38,64,sayat,tm,37.4,74,5,4.7,1511046000
-4,-52,altamira,br,88.1,51,92,4.94,1511048875
54,62,bobrovka,ru,26.18,88,0,11.54,1511049164
0,118,bontang,id,84.32,90,12,1.59,1511049164
46,26,cernat,ro,37.79,96,92,2.37,1511049165
-8,-42,simplicio mendes,br,78.42,64,80,1.81,1511049165
44,-120,redmond,us,50.99,53,90,3.36,1511046900
48,94,erzin,ru,-12.93,51,0,1.92,1511049166
52,-22,vestmannaeyjar,is,24.47,100,0,6.4,1511049167
32,-88,meridian,us,46,45,1,9.17,1511048100
44,110,erenhot,cn,,,,,
48,-10,skibbereen,ie,48.2,100,75,4.7,1511046000
-34,48,taolanaro,mg,,,,,
54,72,poltavka,ru,23.84,90,76,7.74,1511049169
20,58,ibra,om,45.53,91,0,2.37,1511049170
4,-58,ituni,gy,,,,,
40,48,imisli,az,,,,,
-22,-50,pompeia,br,72.08,92,88,4.27,1511049171
38,32,beysehir,tr,38.33,100,20,8.19,1511049172
-36,-60,veinticinco de mayo,ar,55.29,38,0,3.71,1511049172
6,124,palimbang,ph,83.01,100,0,2.59,1511049173
56,-2,eyemouth,gb,39.2,64,0,17.22,1511045400
-20,-40,serra,br,77,78,0,16.11,1511046000
40,12,anzio,it,47.05,75,0,5.82,1511047200
34,-100,vernon,us,57.61,21,1,11.41,1511046900
-34,138,port pirie,au,71.6,60,0,6.93,1511046000
28,16,hun,ly,38.64,75,24,2.71,1511049177
8,100,ron phibun,th,75.2,100,20,1.7,1511046000
40,32,gerede,tr,26.94,71,8,2.37,1511049178
-40,166,wanaka,nz,64.02,67,0,2.71,1511049179
22,-76,gibara,cu,77,83,20,3.36,1511045400
58,4,varhaug,no,44.6,75,40,23.04,1511047200
12,-68,kralendijk,an,,,,,
28,62,khash,ir,21.81,62,0,2.71,1511049181
64,94,baykit,ru,-7.85,74,76,3.6,1511049182
50,-84,hearst,ca,22.71,76,88,7.63,1511049000
30,48,abadan,ir,58.26,71,0,3.83,1511046000
56,6,hvide sande,dk,42.8,81,92,24.16,1511047200
44,130,ningan,cn,,,,,
66,164,bilibino,ru,5.84,70,88,7.96,1511049184
-20,32,chipinge,zw,64.34,96,12,2.82,1511049184
26,-96,brownsville,us,83.48,66,1,11.41,1511046900
40,-4,toledo,es,30.95,75,0,2.26,1511049185
16,0,gao,ml,71.81,38,48,7.96,1511049185
-2,134,manokwari,id,83.96,99,12,6.06,1511049186
44,28,dumbraveni,ro,42.67,93,88,4.7,1511047800
8,22,ouadda,cf,66.86,95,24,9.53,1511049187
54,-122,prince george,ca,37.4,64,90,16.11,1511046000
-26,4,walvis bay,na,59.07,100,0,9.31,1511049188
-8,14,caxito,ao,75.2,83,0,4.7,1511046000
-16,-148,tiarei,pf,78.8,78,75,9.17,1511047800
34,-80,florence,us,65.05,82,90,26.4,1511047620
32,16,misratah,ly,59.66,100,20,13.67,1511049190
6,-6,gagnoa,ci,74.01,94,8,5.06,1511049191
-32,-52,rio grande,br,62.27,81,0,21.72,1511049191
30,-16,santa cruz de tenerife,es,63.97,100,36,10.29,1511047800
-26,-66,tucuman,ar,,,,,
30,96,pasighat,in,57.54,81,0,2.15,1511049192
42,116,zhangjiakou,cn,7.77,67,0,2.59,1511049193
8,-70,barinas,ve,80.04,81,24,3.27,1511049193
42,54,zhanaozen,kz,36.44,69,36,14.79,1511049194
20,-76,el cobre,cu,80.6,69,40,2.24,1511045640
56,60,nizhniy ufaley,ru,28.7,83,80,9.75,1511049195
-18,-150,haapiti,pf,78.8,78,75,9.17,1511047800
-12,-170,samusu,ws,,,,,
50,-116,kimberley,ca,35.6,64,75,16.11,1511046000
64,36,solovetskiy,ru,,,,,
24,58,ruwi,om,,,,,
-8,162,auki,sb,81.84,100,64,5.61,1511049198
18,-70,bajos de haina,do,77.95,88,40,6.93,1511046000
36,-92,batesville,us,51.91,57,40,12.75,1511045760
42,-6,la baneza,es,26.94,68,0,2.59,1511049199
32,108,daxian,cn,,,,,
44,4,ales,fr,41.61,65,0,10.29,1511047800
60,30,lisiy nos,ru,37.4,93,75,6.71,1511046000
52,24,zabinka,by,,,,,
52,-124,quesnel,ca,30.2,80,20,2.24,1511046000
32,-94,bossier city,us,63.32,48,90,21.92,1511048100
50,54,chingirlau,kz,30.77,94,92,5.84,1511049202
-2,106,mentok,id,,,,,
-2,32,muleba,tz,68.61,100,56,6.4,1511049203
-24,56,saint-philippe,re,73.4,78,20,5.82,1511047800
46,32,bekhtery,ua,43.55,100,92,2.59,1511049204
46,-10,ferrol,es,44.6,93,0,2.24,1511047800
-6,110,mlonggo,id,79.1,100,76,3.94,1511049205
10,-78,ailigandi,pa,76.22,95,56,3.6,1511049206
-14,150,samarai,pg,77.16,100,88,8.52,1511049206
12,-2,kokologo,bf,71.67,40,8,5.39,1511049207
0,-36,caucaia,br,80.6,74,20,9.17,1511046000
-16,36,phalombe,mw,68.75,93,76,3.38,1511049208
30,132,kushima,jp,44.46,57,20,12.75,1511046000
44,-108,worland,us,37.06,50,1,8.05,1511048100
72,-62,upernavik,gl,7.28,100,0,11.21,1511049209
40,-144,sitka,us,33.12,100,90,4.7,1511045760
16,-10,nioro,ml,,,,,
46,18,szentlorinc,hu,25.41,80,0,2.37,1511049210
6,-90,santa cruz,cr,82.4,69,0,3.36,1511046000
40,-94,excelsior springs,us,48.2,46,1,13.87,1511045640
48,58,emba,kz,,,,,
10,18,goundi,td,76.13,68,12,3.94,1511049211
18,-22,santa maria,cv,75.2,78,75,8.05,1511046000
-8,122,maumere,id,81.8,100,68,3.71,1511049213
-38,146,warragul,au,70.73,79,68,2.48,1511049214
16,124,dicabisagan,ph,78.38,100,56,3.6,1511049214
26,52,khor,qa,,,,,
18,36,sinkat,sd,,,,,
46,124,tailai,cn,-6.54,89,0,3.38,1511049215
14,124,caramoran,ph,80.76,100,80,6.17,1511049216
-32,22,carnarvon,za,42.47,39,0,2.82,1511049216
36,-78,rocky mount,us,62.6,72,20,9.17,1511046600
22,82,bilaspur,in,65.42,96,0,2.59,1511049217
18,-90,escarcega,mx,79.55,52,0,2.37,1511049218
58,88,teguldet,ru,29.69,87,80,8.19,1511049218
44,-96,marshall,us,63.25,48,90,21.92,1511046900
18,60,sur,om,74.46,100,0,8.19,1511049219
6,-52,kourou,gf,77,94,0,2.24,1511047800
-12,-78,chancay,pe,63.17,83,0,4.94,1511049220
36,138,tatsuno,jp,44.62,80,20,8.05,1511046000
-2,-68,tonantins,br,82.02,87,32,2.04,1511049221
34,120,dongkan,cn,35.63,78,76,5.39,1511049222
2,-54,camopi,gf,79.32,75,12,3.83,1511049222
-16,-62,san javier,bo,,,,,
70,-8,klaksvik,fo,37.4,69,32,17.22,1511047200
-6,32,inyonga,tz,71.72,42,20,7.18,1511049223
10,-74,bosconia,co,70.32,90,48,1.25,1511049224
-12,38,masuguru,tz,78.02,72,0,6.73,1511049225
14,-6,niono,ml,68.52,29,80,6.29,1511049225
28,110,jishou,cn,38.24,79,92,6.96,1511049226
-10,34,karonga,mw,73.7,100,64,7.74,1511049226
36,44,irbil,iq,,,,,
-18,-56,coxim,br,75.68,83,88,7.96,1511049227
12,48,bosaso,so,,,,,
8,20,ndele,cf,70.86,88,20,4.38,1511049227
24,100,simao,cn,60.06,90,56,2.15,1511049229
38,132,izumo,jp,45.41,100,75,14.99,1511046000
42,-128,eureka,us,53.6,76,1,9.17,1511048100
22,88,haldia,in,72.12,98,100,2.93,1511049230
0,-78,cayambe,ec,51.47,83,92,1.36,1511048951
38,48,ardabil,ir,26.6,92,0,6.93,1511045640
52,-98,gimli,ca,16.59,85,56,10.65,1511049009
34,14,tripoli,ly,60.8,67,75,4.7,1511047200
48,-68,price,ca,,,,,
26,96,khonsa,in,55.88,91,0,1.92,1511049233
34,0,wahran,dz,,,,,
50,-72,dolbeau,ca,,,,,
40,20,delvine,al,55.4,100,90,1.7,1511047200
-80,-16,cape town,za,57.2,93,0,4.7,1511046000
-24,50,farafangana,mg,74.51,100,76,12.21,1511049235
-2,28,kabare,cd,54.8,100,32,1.7,1511049235
66,70,yar-sale,ru,12.86,97,80,8.63,1511049236
-8,16,camabatela,ao,64.16,99,92,3.15,1511049236
14,72,kankon,in,84.5,93,92,6.17,1511049237
36,-106,espanola,us,45.23,26,40,3.36,1511046900
22,-74,clarence town,bs,80.45,99,76,17.69,1511049238
40,-122,red bluff,us,61.29,29,1,3.36,1511045640
-4,140,vanimo,pg,84.36,100,24,10.2,1511049239
44,-54,marystown,ca,41.75,100,44,10.09,1511049239
48,8,kirchzarten,de,38.57,80,75,9.17,1511047800
48,122,zalantun,cn,-10.1,51,0,5.28,1511049240
8,80,anuradhapura,lk,70.64,95,8,2.82,1511049241
50,64,kushmurun,kz,,,,,
-6,-62,manicore,br,81.57,78,68,2.15,1511049242
44,-82,goderich,ca,44.81,99,92,18.92,1511049242
88,14,longyearbyen,sj,24.8,58,40,13.87,1511045400
8,-72,san juan de colon,ve,73.4,100,75,6.93,1511046000
62,2,floro,no,42.8,70,24,16.11,1511047200
42,36,bafra,tr,44.6,93,80,4.7,1511045400
44,-18,muros,es,44.6,100,0,5.28,1511047800
42,136,olga,ru,6.29,47,0,7.63,1511049246
14,-72,manaure,co,80.6,88,75,5.82,1511046000
38,8,carbonia,it,48,93,0,5.82,1511047200
-16,50,mananara,mg,,,,,
-10,-62,jaru,br,79.19,85,64,2.04,1511049247
54,-4,whitehaven,gb,44.63,85,56,13.44,1511049248
68,-180,mys shmidta,ru,,,,,
42,-62,halifax,ca,33.8,80,90,11.41,1511046000
52,-4,carmarthen,gb,42.8,100,80,1.12,1511045400
-10,-88,sechura,pe,69.29,77,0,14,1511049249
-10,46,domoni,km,80.63,100,36,7.96,1511049250
36,116,yanggu,cn,29.69,60,68,7.96,1511049251
30,54,fasa,ir,41,41,0,4.38,1511046000
34,44,balad,iq,47.06,82,36,4.38,1511049252
24,-100,doctor arroyo,mx,69.65,37,0,3.94,1511049253
48,-106,glendive,us,34.54,51,1,9.17,1511046900
-30,-62,rafaela,ar,61.19,37,0,4.27,1511049069
8,102,yaring,th,73.7,93,0,2.71,1511049254
64,86,turukhansk,ru,-1.37,68,76,12.66,1511049254
46,134,dalnerechensk,ru,-8.43,81,0,5.73,1511049255
14,102,sa kaeo,th,74.24,97,48,4.16,1511049255
38,136,wajima,jp,32,100,90,2.24,1511046000
34,64,sahrak,af,,,,,
30,38,bayir,jo,,,,,
-48,172,dunedin,nz,62.72,81,0,4.38,1511049243
50,104,kholtoson,ru,-14.69,38,0,1.59,1511049103
28,48,bayan,kw,62.6,67,0,3.36,1511046000
-6,24,mbuji-mayi,cd,68.75,98,12,3.94,1511049257
52,-70,chute-aux-outardes,ca,23,92,90,4.7,1511046000
52,138,gorin,ru,-6.41,58,44,2.59,1511049258
-14,-54,jaciara,br,71.94,94,20,4.16,1511049259
36,18,locri,it,58.1,82,40,4.7,1511045700
-10,16,malanje,ao,62.63,98,20,2.59,1511049260
56,44,dalneye konstantinovo,ru,,,,,
-12,26,solwezi,zm,62.36,95,44,6.29,1511049261
-10,-42,remanso,br,,,,,
38,30,dinar,tr,46.49,80,20,4.7,1511047200
20,-74,baracoa,cu,74.51,100,76,10.2,1511049262
32,-6,mrirt,ma,,,,,
-30,166,vao,nc,72.17,100,44,11.1,1511049263
54,60,uyskoye,ru,19.61,82,20,6.96,1511049263
62,120,verkhnevilyuysk,ru,-7.08,75,56,5.61,1511049070
-34,146,griffith,au,74.42,65,32,14.67,1511049264
-12,136,galiwinku,au,,,,,
-20,-74,ilo,pe,59.79,93,0,2.37,1511049265
52,6,rheden,nl,42.26,86,90,5.82,1511047500
34,8,tawzar,tn,,,,,
0,-46,viseu,br,80.31,79,0,9.86,1511049266
50,40,mitrofanovka,ru,34.1,95,88,7.63,1511049267
50,-108,swift current,ca,28.4,74,1,13.87,1511046000
-26,124,yulara,au,78.8,54,75,8.05,1511046000
34,-120,isla vista,us,65.53,37,1,10.29,1511048100
48,92,ulaangom,mn,-16.4,58,8,1.81,1511049269
20,-72,cap-haitien,ht,75.27,100,64,10.09,1511049270
6,6,agbor,ng,75.72,92,24,6.85,1511049270
46,120,wulanhaote,cn,,,,,
-14,-174,falealupo,ws,,,,,
-6,120,tanete,id,,,,,
52,48,balakovo,ru,29.19,100,12,7.74,1511049271
8,-126,cabo san lucas,mx,88.02,27,5,8.05,1511045460
34,-4,tawnat,ma,,,,,
60,156,omsukchan,ru,-22.79,31,0,1.92,1511049272
8,68,dhidhdhoo,mv,80.99,100,48,1.25,1511049273
12,12,damaturu,ng,72.35,38,0,7.52,1511049273
48,0,allonnes,fr,39.99,100,90,5.82,1511047800
38,-100,dodge city,us,47.14,29,1,13.87,1511045640
48,-60,channel-port aux basques,ca,42.11,100,68,27.54,1511049275
-4,116,martapura,id,77,100,40,6.93,1511046000
36,-12,aljezur,pt,59.12,100,0,5.95,1511049276
50,12,wunsiedel,de,32,97,90,12.75,1511046000
-22,28,tobane,bw,65.42,60,0,11.77,1511049277
14,82,kattivakkam,in,80.6,94,20,2.48,1511047800
2,64,kudahuvadhoo,mv,82.97,100,92,6.4,1511049278
-8,-34,olinda,br,78.8,78,75,8.05,1511046000
8,-4,dabakala,ci,77.84,76,68,8.3,1511049280
-44,176,waipawa,nz,59,67,20,18.34,1511047800
-8,-58,jacareacanga,br,77.66,92,44,2.26,1511049281
14,4,dogondoutchi,ne,71,65,0,1.92,1511049281
42,2,berga,es,42.8,93,0,1.12,1511047800
-16,30,luangwa,zm,74.15,75,88,13.67,1511049283
8,4,oyo,ng,76.04,75,20,8.41,1511049283
40,-26,praia da vitoria,pt,68,94,75,18.03,1511046000
28,140,shimoda,jp,46.98,50,75,10.29,1511046000
4,-80,mosquera,co,57.2,87,40,4.7,1511046000
-4,-46,santa ines,br,79.37,78,44,4.94,1511049285
26,-80,aventura,us,75.18,69,20,4.7,1511045760
-4,-30,natal,br,78.8,74,20,8.05,1511046000
26,-136,pacific grove,us,64.38,42,1,5.82,1511047800
18,-86,savannah bight,hn,77.79,100,88,8.75,1511049288
-2,-50,oeiras do para,br,84.54,66,20,10.65,1511049288
22,76,bhikangaon,in,61.86,94,0,7.74,1511049288
72,34,skalistyy,ru,,,,,
34,34,dromolaxia,cy,,,,,
24,82,sidhi,in,68.3,76,88,5.39,1511049289
-8,24,kaniama,cd,65.69,97,24,2.37,1511049290
36,-98,enid,us,54.45,35,40,16.11,1511046900
68,134,batagay,ru,-20,57,64,4.16,1511049116
14,128,alugan,ph,80.67,100,92,8.3,1511049290
-46,-64,rawson,ar,63.8,62,92,28.1,1511049159
-16,48,tsaratanana,mg,67.71,98,48,3.27,1511049291
4,14,batouri,cm,68.75,100,48,5.84,1511049291
-38,150,cooma,au,60.65,85,32,4.16,1511049292
-2,-64,maraa,br,78.96,94,48,4.5,1511049292
18,-82,george town,ky,80.6,83,20,10.29,1511046000
2,-36,trairi,br,80.49,99,0,17.69,1511049293
40,-92,quincy,us,47.48,81,75,5.82,1511048100
36,48,bijar,ir,22.26,65,0,2.15,1511049294
54,54,priyutovo,ru,31.85,98,92,8.52,1511049295
-30,152,armidale,au,61.19,91,76,6.62,1511049295
30,116,huangmei,cn,43.37,98,68,12.55,1511049297
8,30,ler,sd,,,,,
18,82,chitrakonda,in,66.86,99,76,2.59,1511049297
-6,20,tshikapa,cd,68.66,100,12,2.15,1511049298
-4,30,rutana,bi,59.66,86,44,5.28,1511049298
26,98,myitkyina,mm,64.02,94,0,1.81,1511049299
50,82,glubokoe,kz,,,,,
42,-118,winnemucca,us,46.4,39,1,5.82,1511045760
-30,148,narrabri,au,68.21,84,56,6.96,1511049300
38,54,bandar-e torkaman,ir,,,,,
54,-100,the pas,ca,8.6,71,75,6.93,1511046000
42,106,haibowan,cn,,,,,
46,-72,warwick,ca,35.6,55,90,8.05,1511046000
54,64,borovskoy,kz,24.29,88,36,10.76,1511049302
2,-78,magui,co,,,,,
6,90,sabang,id,82.25,100,12,6.85,1511049303
42,14,sulmona,it,51.8,71,64,4.7,1511045400
28,-76,marsh harbour,bs,77.66,100,12,9.75,1511049305
50,20,wieliczka,pl,39.2,92,75,13.87,1511047800
54,134,zlatoustovsk,ru,,,,,
34,-76,havelock,us,64.67,72,20,10.29,1511045880
-2,-80,el triunfo,ec,77,69,0,11.41,1511046000
-14,112,gondanglegi,id,,,,,
18,12,bilma,ne,57.59,35,0,4.83,1511049306
-14,-76,subtanjalla,pe,66.2,82,0,18.34,1511046000
54,84,pervomayskoye,ru,41.75,97,8,2.93,1511049308
8,-92,acajutla,sv,83.16,74,20,4.7,1511045400
-26,152,kingaroy,au,69.83,80,64,7.96,1511049309
-90,130,hobart,au,75.2,36,75,11.41,1511046000
62,48,urdoma,ru,33.87,90,92,11.77,1511049310
44,82,yining,cn,39.54,84,68,3.38,1511049310
-10,142,morehead,pg,82.79,94,44,5.95,1511049311
46,146,otradnoye,ru,37.4,93,75,6.71,1511046000
8,2,savalou,bj,73.92,84,0,6.51,1511049312
20,-14,atar,mr,57.59,31,0,5.17,1511049312
20,114,zhuhai,cn,64.35,93,75,13.87,1511047800
10,-54,marienburg,sr,81.43,78,20,6.93,1511046000
50,48,novouzensk,ru,28.88,89,8,8.75,1511049314
-8,-70,feijo,br,78.83,89,8,3.04,1511049314
34,12,jarjis,tn,,,,,
-20,-72,iquique,cl,61.77,97,0,5.61,1511049315
64,82,krasnoselkup,ru,,,,,
38,-26,arrifes,pt,66.2,82,40,8.05,1511047800
42,60,mangit,uz,,,,,
58,-2,fraserburgh,gb,39.2,80,12,16.11,1511047200
48,20,matranovak,hu,30.95,90,36,7.63,1511049318
56,46,vasilsursk,ru,,,,,
-18,-46,joao pinheiro,br,74.37,77,56,5.73,1511049319
48,126,keshan,cn,,,,,
52,-112,hanna,ca,10.34,67,20,5.28,1511049320
-10,88,padang,id,77.79,100,64,6.06,1511049320
60,158,palana,ru,30.77,96,24,12.21,1511049321
40,-116,elko,us,37.4,51,1,6.93,1511045760
70,12,gravdal,no,39.32,100,0,20.04,1511049322
-6,-80,olmos,pe,70.01,68,0,4.16,1511049322
-16,-56,santo antonio do leverger,br,78.8,88,20,9.17,1511046000
32,-12,asfi,ma,,,,,
32,58,ravar,ir,32.75,56,0,5.28,1511049324
12,96,mergui,mm,,,,,
34,42,rawah,iq,55.16,84,88,7.74,1511049324
16,-90,chisec,gt,66.95,91,12,1.81,1511049325
66,22,boden,se,17.6,92,68,6.93,1511047200
44,38,divnomorskoye,ru,52.82,80,64,6.4,1511049326
36,12,tabulbah,tn,,,,,
12,124,cataingan,ph,81.57,100,20,12.21,1511049326
26,-90,houma,us,75.34,88,75,9.17,1511048580
44,-72,haverhill,us,40.98,65,90,4.7,1511045760
34,130,maebaru,jp,46.4,100,75,16.11,1511046000
10,84,trincomalee,lk,72.66,92,20,2.82,1511049328
-18,134,ngukurr,au,,,,,
64,130,namtsy,ru,-28.01,44,56,3.38,1511049329
60,84,belyy yar,ru,12.2,85,32,2.24,1511046000
6,16,baoro,cf,66.36,100,88,7.74,1511049329
2,-80,esmeraldas,ec,,,,,
12,8,malumfashi,ng,66.14,60,8,3.49,1511049330
-32,114,kwinana,au,62.55,82,44,5.82,1511046000
-6,-42,elesbao veloso,br,89.99,35,92,7.29,1511049331
50,34,velyka bahachka,ua,33.74,96,92,5.39,1511049159
44,52,shetpe,kz,37.34,70,64,14.23,1511049332
22,78,amla,in,64.11,96,20,4.61,1511049333
0,144,aitape,pg,84.14,92,36,4.94,1511049333
36,-6,barbate,es,55.92,67,20,16.11,1511047800
60,-2,scalloway,gb,,,,,
68,30,kovdor,ru,12.68,100,56,2.71,1511049335
16,102,chaiyaphum,th,73.92,91,68,11.54,1511049336
36,-76,elizabeth city,us,62.42,63,1,6.93,1511047200
28,-106,santa cruz de rosales,mx,,,,,
36,-88,paris,us,54.54,54,75,21.92,1511046900
-42,178,otane,nz,53.09,76,88,10.2,1511049337
46,-86,escanaba,us,35.6,69,90,11.41,1511045760
68,176,leningradskiy,ru,25.59,99,92,28.21,1511049338
48,-74,la tuque,ca,20.64,74,48,2.37,1511049338
62,136,dzhebariki-khaya,ru,-35.21,65,12,2.37,1511049339
50,130,novobureyskiy,ru,-12.98,100,0,6.62,1511049089
28,124,shenjiamen,cn,57.05,100,32,18.03,1511049340
46,38,primorsko-akhtarsk,ru,41.48,100,56,3.71,1511049340
20,82,umarkot,in,64.11,93,0,2.59,1511049341
-22,26,moiyabana,bw,,,,,
48,-136,prince rupert,ca,39.2,100,90,2.24,1511046000
34,48,alashtar,ir,,,,,
14,-40,porto novo,cv,75.2,78,40,17.22,1511046000
-22,-64,yacuiba,bo,71.6,78,90,5.82,1511046000
28,86,banepa,np,50,93,20,3.36,1511045400
6,14,betare oya,cm,66.23,91,64,2.37,1511049344
46,-58,burgeo,ca,43.14,100,56,20.04,1511049344
38,44,hakkari,tr,15.02,63,20,2.15,1511049345
20,78,digras,in,65.06,89,0,4.16,1511049345
50,-100,brandon,ca,10.4,66,75,11.41,1511046000
0,-76,puerto asis,co,78.11,92,44,0.58,1511049346
30,80,bageshwar,in,36.35,92,20,1.81,1511049347
10,-80,portobelo,pa,81.5,78,20,6.93,1511046000
-12,40,pemba,mz,80.6,83,20,6.93,1511047800
44,22,bogovina,rs,,,,,
38,100,zhangye,cn,21.27,79,44,3.15,1511049348
60,76,megion,ru,19.4,100,75,6.71,1511046000
62,126,berdigestyakh,ru,-16.94,73,44,2.82,1511049349
60,-150,sterling,us,54.52,100,5,17.25,1511048820
6,114,labuan,my,77.9,88,75,4.7,1511047800
80,94,khatanga,ru,-10.68,55,20,13.22,1511049351
48,-120,east wenatchee bench,us,47.05,61,1,9.17,1511045700
88,164,pevek,ru,22.85,92,88,6.17,1511049352
36,136,sabae,jp,39.2,86,75,5.82,1511046000
62,66,oktyabrskoye,ru,29.46,75,0,2.82,1511049353
48,-96,grand forks,us,16.48,72,1,8.05,1511046900
40,44,janfida,am,35.6,93,8,2.24,1511046000
40,126,huanren,cn,3.77,78,0,2.59,1511049355
26,72,balotra,in,57.72,75,0,9.53,1511049355
66,66,labytnangi,ru,15.56,91,88,4.94,1511049356
26,80,kurara,in,65.46,70,20,5.39,1511049357
8,-60,mabaruma,gy,80.81,84,0,8.41,1511049357
58,62,verkhnyaya sinyachikha,ru,27.53,89,12,7.07,1511049358
-4,-42,batalha,br,76.58,66,0,11.65,1511049359
48,4,saint-andre-les-vergers,fr,43.59,81,90,17.22,1511047800
-18,20,rundu,na,59.21,34,0,4.83,1511049360
38,-144,fortuna,us,53.6,76,1,9.17,1511048100
28,88,mangan,in,16.77,58,0,0.69,1511049361
20,104,xam nua,la,58.4,97,56,2.37,1511049362
60,112,vitim,ru,-21.71,92,20,2.26,1511049069
6,100,kuala kedah,my,76.26,94,75,3.71,1511046000
-28,-48,florianopolis,br,71.6,78,75,9.17,1511046000
36,-118,ridgecrest,us,62.6,12,1,4.7,1511045760
14,42,edd,er,63.8,50,0,5.95,1511049364
52,28,lyuban,by,32.93,99,92,7.63,1511049364
-14,136,alyangula,au,86.52,93,12,2.93,1511049365
-38,142,hamilton,au,73.47,81,0,10.09,1511049365
8,36,gore,et,53.54,85,0,2.82,1511049366
20,98,mae hong son,th,67.62,95,0,1.92,1511049301
48,-82,timmins,ca,26.6,92,90,13.87,1511046000
40,-96,beatrice,us,44.6,52,1,11.41,1511046900
-48,-10,saldanha,za,55.4,82,0,1.12,1511046000
-20,-56,miranda,br,71.18,96,92,8.08,1511049368
40,146,nemuro,jp,39.32,100,76,20.04,1511049368
2,42,dujuma,so,,,,,
52,10,bad salzdetfurth,de,39.2,80,20,9.17,1511047200
72,26,honningsvag,no,25.77,100,20,3.04,1511049369
14,-58,bathsheba,bb,82.4,83,75,13.87,1511046000
14,110,qui nhon,vn,,,,,
-8,-68,boca do acre,br,81.62,78,0,2.93,1511049371
18,104,seka,th,73.02,74,20,8.86,1511049371
26,60,chabahar,ir,,,,,
38,60,kaka,tm,32.79,79,20,4.5,1511049372
50,102,zakamensk,ru,-14.69,38,0,1.59,1511049373
50,-92,sioux lookout,ca,14,85,90,5.82,1511048280
10,-52,iracoubo,gf,79.59,76,24,6.17,1511049374
24,-94,matamoros,mx,86,34,5,6.93,1511045040
30,142,katsuura,jp,46.4,45,75,18.34,1511046360
70,88,talnakh,ru,-24.68,73,0,3.04,1511049375
38,16,melito di porto salvo,it,58.12,82,40,10.29,1511045700
-24,54,saint-pierre,re,73.4,78,20,5.82,1511047800
-14,16,caconda,ao,59.84,91,0,6.4,1511049377
72,30,batsfjord,no,38.37,100,88,10.31,1511049265
12,22,adre,td,77.16,57,88,2.37,1511049378
40,64,romitan,uz,,,,,
-4,104,baturaja,id,73.61,99,76,4.61,1511049379
-36,142,horsham,au,75.32,67,0,12.66,1511049379
-24,26,boatlaname,bw,,,,,
0,100,payakumbuh,id,71.81,94,44,2.71,1511049380
6,-68,puerto ayacucho,ve,87.8,66,40,2.59,1511046000
-14,50,sambava,mg,78.47,100,12,13.33,1511049381
16,-14,gollere,sn,,,,,
18,94,myanaung,mm,74.87,96,0,6.4,1511049382
18,16,faya,td,,,,,
-8,36,ilula,tz,68,64,20,5.82,1511046000
28,-12,arrecife,es,69.03,72,75,12.75,1511047800
0,30,kilembe,ug,62.31,100,36,1.7,1511049384
-22,144,charters towers,au,78.87,73,12,9.75,1511049385
60,50,raduzhnyy,ru,10.47,93,80,4.94,1511049385
40,10,tortoli,it,55.4,82,20,10.29,1511045700
-32,140,broken hill,au,78.24,53,0,11.99,1511049386
-14,34,lilongwe,mw,65.91,90,56,8.86,1511049170
56,48,zvenigovo,ru,33.8,95,90,8.95,1511046000
56,-116,high prairie,ca,27.71,90,68,4.38,1511049388
6,-78,mutis,co,76.4,100,92,4.5,1511049388
36,0,sidi ali,dz,,,,,
42,44,gori,ge,30.86,83,8,1.48,1511049389
38,118,binzhou,cn,25.1,51,36,2.71,1511049389
54,100,tulun,ru,6.87,67,36,2.59,1511049390
-14,-48,cavalcante,br,67.62,92,20,2.59,1511049390
46,126,zhaodong,cn,-4.01,83,0,6.71,1511046000
62,122,vilyuysk,ru,-8.48,65,56,4.72,1511049391
-8,-32,itamaraca,br,78.8,78,75,8.05,1511046000
40,60,hazorasp,uz,28.4,79,0,9.17,1511046000
2,26,buta,cd,69.69,99,32,2.15,1511049393
-22,-40,sao joao da barra,br,76.85,97,64,29.66,1511049394
2,16,ouesso,cg,70.77,100,80,2.37,1511049394
-12,134,maningrida,au,87.06,78,24,7.18,1511049395
-44,172,rakaia,nz,66.2,48,0,5.82,1511047800
38,102,jinchang,cn,17.49,78,48,6.62,1511049396
66,50,ust-tsilma,ru,27.71,88,64,6.17,1511049397
50,62,svetlyy,ru,35.6,100,75,13.42,1511046000
32,106,baoning,cn,,,,,
30,134,nichinan,jp,44.17,57,20,12.75,1511046000
14,104,phrai bung,th,,,,,
-46,140,burnie,au,61.14,92,8,17.25,1511049399
82,-142,tuktoyaktuk,ca,3.2,84,90,8.05,1511046000
36,72,chitral,pk,-3.84,59,0,1.14,1511049400
70,-52,ilulissat,gl,-0.41,54,0,3.36,1511045400
-4,120,singkang,id,,,,,
16,38,barentu,er,58.04,75,0,2.59,1511049402
26,118,sanming,cn,50.66,100,92,2.71,1511049403
64,26,muhos,fi,28.4,92,80,4.7,1511047200
34,60,taybad,ir,26.22,79,0,4.61,1511049404
44,136,rudnaya pristan,ru,4.26,51,0,9.98,1511049405
38,-74,ocean city,us,57.2,67,75,16.11,1511045640
44,-64,lunenburg,ca,39.59,100,76,9.19,1511049406
44,-78,colborne,ca,42.84,100,90,3.36,1511046780
62,32,suoyarvi,ru,37.11,98,92,8.52,1511049407
-16,28,mazabuka,zm,69.06,76,64,8.3,1511049408
-10,42,madimba,tz,75.2,94,20,4.38,1511046000
42,-70,brewster,us,45.68,93,90,3.36,1511045760
54,34,betlitsa,ru,32.66,99,88,9.64,1511049409
24,128,itoman,jp,65.23,59,75,18.34,1511046000
10,-82,bocas del toro,pa,77.39,100,92,13.89,1511049304
62,112,chernyshevskiy,ru,-19.59,83,32,3.94,1511049411
28,80,pawayan,in,63.53,80,64,8.52,1511049411
-16,-40,itarantim,br,71.09,78,56,8.41,1511049412
38,76,shache,cn,20.37,73,0,3.04,1511049412
-10,38,liwale,tz,75.14,70,0,5.39,1511049413
60,128,mokhsogollokh,ru,-18.38,79,44,2.93,1511049414
64,18,ornskoldsvik,se,22.19,92,92,10.29,1511047200
-2,12,mbigou,ga,65.69,98,76,1.14,1511049415
44,26,daia,ro,46.4,100,90,5.82,1511047800
12,-64,la asuncion,ve,82.34,98,0,16.69,1511049416
26,-104,mapimi,mx,86,18,5,6.93,1511045040
-18,30,chegutu,zw,62,98,88,7.4,1511049417
-4,28,uvira,cd,57.86,100,8,4.27,1511049417
-20,24,maun,bw,57.09,31,0,4.72,1511049418
-34,-58,carmelo,uy,63.52,27,0,4.7,1511046000
56,148,arman,ru,5,100,40,4.47,1511046000
42,-116,mountain home,us,44.94,52,1,12.75,1511045880
16,10,tanout,ne,70.86,37,0,4.72,1511049420
-20,-58,fuerte olimpo,py,71.99,95,56,7.85,1511049420
-14,-58,nova olimpia,br,77.16,85,64,11.65,1511049421
16,44,sayyan,ye,26.63,67,0,2.48,1511049422
-18,148,ayr,au,80.94,77,12,10.31,1511049422
52,-56,saint anthony,ca,,,,,
42,-82,blenheim,ca,53.63,95,92,10.31,1511049423
32,-100,abilene,us,57.2,35,1,20.8,1511046900
28,-28,ponta delgada,pt,66.2,82,40,8.05,1511047800
66,40,severodvinsk,ru,33.8,100,90,8.95,1511046000
34,106,beidao,cn,29.96,90,92,3.27,1511049426
44,42,dzheguta,ru,26.99,70,32,2.82,1511049426
4,4,warri,ng,77.03,88,36,7.07,1511049426
40,-100,lexington,us,60.76,82,90,16.11,1511048640
44,-4,santander,es,44.6,100,0,2.15,1511047800
48,-102,minot,us,20.82,72,1,4.7,1511049240
24,72,patan,in,67.31,56,24,7.18,1511049428
10,14,guider,cm,65.15,64,0,3.15,1511049429
24,80,pawai,in,66.68,87,76,4.94,1511049429
34,24,palaiokhora,gr,,,,,
2,-16,mattru,sl,,,,,
40,42,horasan,tr,18.08,68,20,2.48,1511049430
30,34,mizpe ramon,il,,,,,
24,122,suao,tw,,,,,
6,118,sandakan,my,78.8,88,75,3.36,1511046000
-20,-52,tres lagoas,br,71.67,95,80,4.16,1511049274
4,-106,acapulco,mx,,,,,
48,124,gannan,cn,-20.49,29,0,5.73,1511049432
22,-100,fernandez,mx,,,,,
-26,34,xai-xai,mz,71.94,96,0,15.68,1511049433
40,-90,jacksonville,us,68,72,1,4.7,1511048100
54,126,magdagachi,ru,-11.54,55,8,6.73,1511049434
10,-84,san isidro,cr,67.4,93,88,1.59,1511049434
4,12,mfou,cm,,,,,
14,8,tessaoua,ne,69.96,47,0,5.61,1511049435
54,-110,grand centre,ca,,,,,
28,-82,winston,us,71.1,56,1,3.36,1511048100
36,60,mashhad,ir,37.4,69,0,4.7,1511047800
58,44,makaryev,ru,32.03,90,88,8.41,1511049437
52,40,verkhnyaya khava,ru,32,95,75,6.71,1511046000
52,106,istok,ru,32,87,90,11.18,1511046000
50,74,aktau,kz,42.8,75,90,17.9,1511047800
44,-6,aviles,es,48.2,93,12,4.7,1511047800
50,68,atbasar,kz,25.14,87,80,9.64,1511049440
-8,28,manono,cd,69.06,87,12,3.04,1511049440
16,68,ratnagiri,in,81.26,94,76,12.44,1511049440
30,84,pokhara,np,39.72,80,0,1.7,1511049224
48,54,makat,kz,,,,,
26,128,nishihara,jp,65.26,59,75,18.34,1511046000
56,12,frederiksvaerk,dk,42.22,86,92,14.99,1511047200
8,-12,serabu,sl,76.4,92,24,4.27,1511049442
-8,-40,ouricuri,br,77.93,48,36,5.73,1511049442
